Workbook

Sheet How to Use
B1: Week Start Date: | E1: 46162
A3: ✿ HOW TO USE YOUR PLANNER ✿
A4: Your complete guide to getting the most from this tracker
B7: ♡ WELCOME
B8: Thank you so much for purchasing this planner! This workbook is designed to help you organize your days, build positive habits, and reflect on your progress — all in one beautiful place. Below you'll find everything you need to get started.
B10: ✧ WHAT'S INSIDE
B11: ✿ Monday – Sunday (7 tabs)
B12: One sheet for each day of the week, packed with sections for priorities, scheduling, goals, habits, wellness, and gratitude.
B13: ✿ Weekly Summary (1 tab)
B14: A bird's-eye view of your week — track habits across all 7 days, review priorities, log mood/energy/sleep, and reflect on wins and improvements.
B15: ✿ Monthly Dashboard (1 tab)
B16: Set big-picture monthly goals, track weekly scores, write reflections, and set intentions for the month ahead.
B18: ◷ DAILY SHEETS — SECTION BY SECTION
B19: 1. Top 3 Priorities
B20: Write your 3 most important tasks for the day. These are the non-negotiables — the things that, if completed, make the day a success.
... B62: 6. Keep it open on your desktop or nightstand as a visual reminder to check in with yourself.
A65: Thank you for choosing this planner ♡ Wishing you a beautiful, intentional day!

Sheet Monday
A2: ✿ MONDAY ✿
C3: ='How to Use'!E1 - WEEKDAY('How to Use'!E1, 3) -> 46160
A6: ♡ TOP 3 PRIORITIES | D6: ◷ SCHEDULE | G6: ✧ DAILY GOALS
A7: 1 | D7: 0 | G7: FALSE
A8: 2 | D8: 0.041666667 | G8: FALSE
A9: 3 | D9: 0.083333333 | G9: FALSE
D10: 0.125 | G10: FALSE
A11: ✎ TO-DO LIST | D11: 0.16666667 | G11: FALSE
A12: FALSE | D12: 0.20833333 | G12: FALSE
A13: FALSE | D13: 0.25 | G13: ❀ HABIT TRACKER
A14: FALSE | D14: 0.29166667 | G14: FALSE | H14: Exercise / Move
A15: FALSE | D15: 0.33333333 | G15: FALSE | H15: Read 30 min
A16: FALSE | D16: 0.375 | G16: FALSE | H16: Meditate
A17: FALSE | D17: 0.41666667 | G17: FALSE | H17: Skincare routine
A18: FALSE | D18: 0.45833333 | G18: FALSE | H18: No social media 1hr
A19: FALSE | D19: 0.5 | G19: FALSE | H19: Journaling
A20: FALSE | D20: 0.54166667 | G20: FALSE
A21: FALSE | D21: 0.58333333 | G21: FALSE
A22: FALSE | D22: 0.625 | G22: FALSE
A23: FALSE | D23: 0.66666667 | G23: FALSE
A24: FALSE | D24: 0.70833333 | G24: FALSE
A25: FALSE | D25: 0.75 | G25: FALSE
A26: FALSE | D26: 0.79166667 | G26: FALSE
A27: FALSE | D27: 0.83333333 | G27: FALSE
A28: FALSE | D28: 0.875 | G28: FALSE
A29: FALSE | D29: 0.91666667 | G29: FALSE
A30: FALSE | D30: 0.95833333 | G30: FALSE
A33: 💧 WATER INTAKE | D33: ☾ MOOD & ENERGY | G33: ♡ SELF-CARE
A34: FALSE | B34: 7AM - 11AM | D34: Morning: | G34: FALSE | H34: Morning routine
A35: FALSE | B35: 11AM - 3PM | D35: Afternoon: | G35: FALSE | H35: Healthy meals
A36: FALSE | B36: 3PM - 7PM | D36: Evening: | G36: FALSE | H36: Movement
A37: FALSE | B37: 7PM - 11PM | G37: FALSE | H37: Wind-down
A41: ✿ NOTES
A47: ♡ GRATITUDE
A48: 1
A49: 2
A50: 3
A51: 4
A53: "You are doing better than you think."

Sheet Tuesday
A2: ✿ TUESDAY ✿
C3: ='How to Use'!E1 - WEEKDAY('How to Use'!E1, 3) + 1 -> 46161
A6: ♡ TOP 3 PRIORITIES | D6: ◷ SCHEDULE | G6: ✧ DAILY GOALS
A7: 1 | D7: 0 | G7: FALSE
A8: 2 | D8: 0.041666667 | G8: FALSE
A9: 3 | D9: 0.083333333 | G9: FALSE
D10: 0.125 | G10: FALSE
A11: ✎ TO-DO LIST | D11: 0.16666667 | G11: FALSE
A12: FALSE | D12: 0.20833333 | G12: FALSE
A13: FALSE | D13: 0.25 | G13: ❀ HABIT TRACKER
A14: FALSE | D14: 0.29166667 | G14: FALSE | H14: Exercise / Move
A15: FALSE | D15: 0.33333333 | G15: FALSE | H15: Read 30 min
A16: FALSE | D16: 0.375 | G16: FALSE | H16: Meditate
A17: FALSE | D17: 0.41666667 | G17: FALSE | H17: Skincare routine
A18: FALSE | D18: 0.45833333 | G18: FALSE | H18: No social media 1hr
A19: FALSE | D19: 0.5 | G19: FALSE | H19: Journaling
A20: FALSE | D20: 0.54166667 | G20: FALSE
A21: FALSE | D21: 0.58333333 | G21: FALSE
A22: FALSE | D22: 0.625 | G22: FALSE
A23: FALSE | D23: 0.66666667 | G23: FALSE
A24: FALSE | D24: 0.70833333 | G24: FALSE
A25: FALSE | D25: 0.75 | G25: FALSE
A26: FALSE | D26: 0.79166667 | G26: FALSE
A27: FALSE | D27: 0.83333333 | G27: FALSE
A28: FALSE | D28: 0.875 | G28: FALSE
A29: FALSE | D29: 0.91666667 | G29: FALSE
A30: FALSE | D30: 0.95833333 | G30: FALSE
A33: 💧 WATER INTAKE | D33: ☾ MOOD & ENERGY | G33: ♡ SELF-CARE
A34: FALSE | B34: 7AM - 11AM | D34: Morning: | G34: FALSE | H34: Morning routine
A35: FALSE | B35: 11AM - 3PM | D35: Afternoon: | G35: FALSE | H35: Healthy meals
A36: FALSE | B36: 3PM - 7PM | D36: Evening: | G36: FALSE | H36: Movement
A37: FALSE | B37: 7PM - 11PM | G37: FALSE | H37: Wind-down
A41: ✿ NOTES
A47: ♡ GRATITUDE
A48: 1
A49: 2
A50: 3
A51: 4
A53: "You are doing better than you think."

Sheet Wednesday
A2: ✿ WEDNESDAY ✿
C3: ='How to Use'!E1 - WEEKDAY('How to Use'!E1, 3) + 2 -> 46162
A6: ♡ TOP 3 PRIORITIES | D6: ◷ SCHEDULE | G6: ✧ DAILY GOALS
A7: 1 | D7: 0 | G7: FALSE
A8: 2 | D8: 0.041666667 | G8: FALSE
A9: 3 | D9: 0.083333333 | G9: FALSE
D10: 0.125 | G10: FALSE
A11: ✎ TO-DO LIST | D11: 0.16666667 | G11: FALSE
A12: FALSE | D12: 0.20833333 | G12: FALSE
A13: FALSE | D13: 0.25 | G13: ❀ HABIT TRACKER
A14: FALSE | D14: 0.29166667 | G14: FALSE | H14: Exercise / Move
A15: FALSE | D15: 0.33333333 | G15: FALSE | H15: Read 30 min
A16: FALSE | D16: 0.375 | G16: FALSE | H16: Meditate
A17: FALSE | D17: 0.41666667 | G17: FALSE | H17: Skincare routine
A18: FALSE | D18: 0.45833333 | G18: FALSE | H18: No social media 1hr
A19: FALSE | D19: 0.5 | G19: FALSE | H19: Journaling
A20: FALSE | D20: 0.54166667 | G20: FALSE
A21: FALSE | D21: 0.58333333 | G21: FALSE
A22: FALSE | D22: 0.625 | G22: FALSE
A23: FALSE | D23: 0.66666667 | G23: FALSE
A24: FALSE | D24: 0.70833333 | G24: FALSE
A25: FALSE | D25: 0.75 | G25: FALSE
A26: FALSE | D26: 0.79166667 | G26: FALSE
A27: FALSE | D27: 0.83333333 | G27: FALSE
A28: FALSE | D28: 0.875 | G28: FALSE
A29: FALSE | D29: 0.91666667 | G29: FALSE
A30: FALSE | D30: 0.95833333 | G30: FALSE
A33: 💧 WATER INTAKE | D33: ☾ MOOD & ENERGY | G33: ♡ SELF-CARE
A34: FALSE | B34: 7AM - 11AM | D34: Morning: | G34: FALSE | H34: Morning routine
A35: FALSE | B35: 11AM - 3PM | D35: Afternoon: | G35: FALSE | H35: Healthy meals
A36: FALSE | B36: 3PM - 7PM | D36: Evening: | G36: FALSE | H36: Movement
A37: FALSE | B37: 7PM - 11PM | G37: FALSE | H37: Wind-down
A41: ✿ NOTES
A47: ♡ GRATITUDE
A48: 1
A49: 2
A50: 3
A51: 4
A53: "You are doing better than you think."

Sheet Thursday
A2: ✿ THURSDAY ✿
C3: ='How to Use'!E1+3 -> 46165
A6: ♡ TOP 3 PRIORITIES | D6: ◷ SCHEDULE | G6: ✧ DAILY GOALS
A7: 1 | D7: 0 | G7: FALSE
A8: 2 | D8: 0.041666667 | G8: FALSE
A9: 3 | D9: 0.083333333 | G9: FALSE
D10: 0.125 | G10: FALSE
A11: ✎ TO-DO LIST | D11: 0.16666667 | G11: FALSE
A12: FALSE | D12: 0.20833333 | G12: FALSE
A13: FALSE | D13: 0.25 | G13: ❀ HABIT TRACKER
A14: FALSE | D14: 0.29166667 | G14: FALSE | H14: Exercise / Move
A15: FALSE | D15: 0.33333333 | G15: FALSE | H15: Read 30 min
A16: FALSE | D16: 0.375 | G16: FALSE | H16: Meditate
A17: FALSE | D17: 0.41666667 | G17: FALSE | H17: Skincare routine
A18: FALSE | D18: 0.45833333 | G18: FALSE | H18: No social media 1hr
A19: FALSE | D19: 0.5 | G19: FALSE | H19: Journaling
A20: FALSE | D20: 0.54166667 | G20: FALSE
A21: FALSE | D21: 0.58333333 | G21: FALSE
A22: FALSE | D22: 0.625 | G22: FALSE
A23: FALSE | D23: 0.66666667 | G23: FALSE
A24: FALSE | D24: 0.70833333 | G24: FALSE
A25: FALSE | D25: 0.75 | G25: FALSE
A26: FALSE | D26: 0.79166667 | G26: FALSE
A27: FALSE | D27: 0.83333333 | G27: FALSE
A28: FALSE | D28: 0.875 | G28: FALSE
A29: FALSE | D29: 0.91666667 | G29: FALSE
A30: FALSE | D30: 0.95833333 | G30: FALSE
A33: 💧 WATER INTAKE | D33: ☾ MOOD & ENERGY | G33: ♡ SELF-CARE
A34: FALSE | B34: 7AM - 11AM | D34: Morning: | G34: FALSE | H34: Morning routine
A35: FALSE | B35: 11AM - 3PM | D35: Afternoon: | G35: FALSE | H35: Healthy meals
A36: FALSE | B36: 3PM - 7PM | D36: Evening: | G36: FALSE | H36: Movement
A37: FALSE | B37: 7PM - 11PM | G37: FALSE | H37: Wind-down
A41: ✿ NOTES
A47: ♡ GRATITUDE
A48: 1
A49: 2
A50: 3
A51: 4
A53: "You are doing better than you think."

Sheet Friday
A2: ✿ FRIDAY ✿
C3: ='How to Use'!E1 - WEEKDAY('How to Use'!E1, 3) + 3 -> 46163
A6: ♡ TOP 3 PRIORITIES | D6: ◷ SCHEDULE | G6: ✧ DAILY GOALS
A7: 1 | D7: 0 | G7: FALSE
A8: 2 | D8: 0.041666667 | G8: FALSE
A9: 3 | D9: 0.083333333 | G9: FALSE
D10: 0.125 | G10: FALSE
A11: ✎ TO-DO LIST | D11: 0.16666667 | G11: FALSE
A12: FALSE | D12: 0.20833333 | G12: FALSE
A13: FALSE | D13: 0.25 | G13: ❀ HABIT TRACKER
A14: FALSE | D14: 0.29166667 | G14: FALSE | H14: Exercise / Move
A15: FALSE | D15: 0.33333333 | G15: FALSE | H15: Read 30 min
A16: FALSE | D16: 0.375 | G16: FALSE | H16: Meditate
A17: FALSE | D17: 0.41666667 | G17: FALSE | H17: Skincare routine
A18: FALSE | D18: 0.45833333 | G18: FALSE | H18: No social media 1hr
A19: FALSE | D19: 0.5 | G19: FALSE | H19: Journaling
A20: FALSE | D20: 0.54166667 | G20: FALSE
A21: FALSE | D21: 0.58333333 | G21: FALSE
A22: FALSE | D22: 0.625 | G22: FALSE
A23: FALSE | D23: 0.66666667 | G23: FALSE
A24: FALSE | D24: 0.70833333 | G24: FALSE
A25: FALSE | D25: 0.75 | G25: FALSE
A26: FALSE | D26: 0.79166667 | G26: FALSE
A27: FALSE | D27: 0.83333333 | G27: FALSE
A28: FALSE | D28: 0.875 | G28: FALSE
A29: FALSE | D29: 0.91666667 | G29: FALSE
A30: FALSE | D30: 0.95833333 | G30: FALSE
A33: 💧 WATER INTAKE | D33: ☾ MOOD & ENERGY | G33: ♡ SELF-CARE
A34: FALSE | B34: 7AM - 11AM | D34: Morning: | G34: FALSE | H34: Morning routine
A35: FALSE | B35: 11AM - 3PM | D35: Afternoon: | G35: FALSE | H35: Healthy meals
A36: FALSE | B36: 3PM - 7PM | D36: Evening: | G36: FALSE | H36: Movement
A37: FALSE | B37: 7PM - 11PM | G37: FALSE | H37: Wind-down
A41: ✿ NOTES
A47: ♡ GRATITUDE
A48: 1
A49: 2
A50: 3
A51: 4
A53: "You are doing better than you think."

Sheet Saturday
A2: ✿ SATURDAY ✿
C3: ='How to Use'!E1 - WEEKDAY('How to Use'!E1, 3) + 5 -> 46165
A6: ♡ TOP 3 PRIORITIES | D6: ◷ SCHEDULE | G6: ✧ DAILY GOALS
A7: 1 | D7: 0 | G7: FALSE
A8: 2 | D8: 0.041666667 | G8: FALSE
A9: 3 | D9: 0.083333333 | G9: FALSE
D10: 0.125 | G10: FALSE
A11: ✎ TO-DO LIST | D11: 0.16666667 | G11: FALSE
A12: FALSE | D12: 0.20833333 | G12: FALSE
A13: FALSE | D13: 0.25 | G13: ❀ HABIT TRACKER
A14: FALSE | D14: 0.29166667 | G14: FALSE | H14: Exercise / Move
A15: FALSE | D15: 0.33333333 | G15: FALSE | H15: Read 30 min
A16: FALSE | D16: 0.375 | G16: FALSE | H16: Meditate
A17: FALSE | D17: 0.41666667 | G17: FALSE | H17: Skincare routine
A18: FALSE | D18: 0.45833333 | G18: FALSE | H18: No social media 1hr
A19: FALSE | D19: 0.5 | G19: FALSE | H19: Journaling
A20: FALSE | D20: 0.54166667 | G20: FALSE
A21: FALSE | D21: 0.58333333 | G21: FALSE
A22: FALSE | D22: 0.625 | G22: FALSE
A23: FALSE | D23: 0.66666667 | G23: FALSE
A24: FALSE | D24: 0.70833333 | G24: FALSE
A25: FALSE | D25: 0.75 | G25: FALSE
A26: FALSE | D26: 0.79166667 | G26: FALSE
A27: FALSE | D27: 0.83333333 | G27: FALSE
A28: FALSE | D28: 0.875 | G28: FALSE
A29: FALSE | D29: 0.91666667 | G29: FALSE
A30: FALSE | D30: 0.95833333 | G30: FALSE
A33: 💧 WATER INTAKE | D33: ☾ MOOD & ENERGY | G33: ♡ SELF-CARE
A34: FALSE | B34: 7AM - 11AM | D34: Morning: | G34: FALSE | H34: Morning routine
A35: FALSE | B35: 11AM - 3PM | D35: Afternoon: | G35: FALSE | H35: Healthy meals
A36: FALSE | B36: 3PM - 7PM | D36: Evening: | G36: FALSE | H36: Movement
A37: FALSE | B37: 7PM - 11PM | G37: FALSE | H37: Wind-down
A41: ✿ NOTES
A47: ♡ GRATITUDE
A48: 1
A49: 2
A50: 3
A51: 4
A53: "You are doing better than you think."

Sheet Sunday
A2: ✿ SUNDAY ✿
C3: ='How to Use'!E1 - WEEKDAY('How to Use'!E1, 3) + 6 -> 46166
A6: ♡ TOP 3 PRIORITIES | D6: ◷ SCHEDULE | G6: ✧ DAILY GOALS
A7: 1 | D7: 0 | G7: FALSE
A8: 2 | D8: 0.041666667 | G8: FALSE
A9: 3 | D9: 0.083333333 | G9: FALSE
D10: 0.125 | G10: FALSE
A11: ✎ TO-DO LIST | D11: 0.16666667 | G11: FALSE
A12: FALSE | D12: 0.20833333 | G12: FALSE
A13: FALSE | D13: 0.25 | G13: ❀ HABIT TRACKER
A14: FALSE | D14: 0.29166667 | G14: FALSE | H14: Exercise / Move
A15: FALSE | D15: 0.33333333 | G15: FALSE | H15: Read 30 min
A16: FALSE | D16: 0.375 | G16: FALSE | H16: Meditate
A17: FALSE | D17: 0.41666667 | G17: FALSE | H17: Skincare routine
A18: FALSE | D18: 0.45833333 | G18: FALSE | H18: No social media 1hr
A19: FALSE | D19: 0.5 | G19: FALSE | H19: Journaling
A20: FALSE | D20: 0.54166667 | G20: FALSE
A21: FALSE | D21: 0.58333333 | G21: FALSE
A22: FALSE | D22: 0.625 | G22: FALSE
A23: FALSE | D23: 0.66666667 | G23: FALSE
A24: FALSE | D24: 0.70833333 | G24: FALSE
A25: FALSE | D25: 0.75 | G25: FALSE
A26: FALSE | D26: 0.79166667 | G26: FALSE
A27: FALSE | D27: 0.83333333 | G27: FALSE
A28: FALSE | D28: 0.875 | G28: FALSE
A29: FALSE | D29: 0.91666667 | G29: FALSE
A30: FALSE | D30: 0.95833333 | G30: FALSE
A33: 💧 WATER INTAKE | D33: ☾ MOOD & ENERGY | G33: ♡ SELF-CARE
A34: FALSE | B34: 7AM - 11AM | D34: Morning: | G34: FALSE | H34: Morning routine
A35: FALSE | B35: 11AM - 3PM | D35: Afternoon: | G35: FALSE | H35: Healthy meals
A36: FALSE | B36: 3PM - 7PM | D36: Evening: | G36: FALSE | H36: Movement
A37: FALSE | B37: 7PM - 11PM | G37: FALSE | H37: Wind-down
A41: ✿ NOTES
A47: ♡ GRATITUDE
A48: 1
A49: 2
A50: 3
A51: 4
A53: "You are doing better than you think."

Sheet Weekly Summary
A2: ✿ WEEKLY OVERVIEW ✿
A3: Week of: | E3: 46160.378
B6: ❀ WEEKLY HABIT TRACKER
B7: HABIT | C7: Mon | D7: Tue | E7: Wed | F7: Thu | G7: Fri | H7: Sat | I7: Sun
B8: Exercise / Move | C8: FALSE | D8: FALSE | E8: FALSE | F8: FALSE | G8: FALSE | H8: FALSE | I8: FALSE
B9: Read 30 min | C9: FALSE | D9: FALSE | E9: FALSE | F9: FALSE | G9: FALSE | H9: FALSE | I9: FALSE
B10: Meditate | C10: FALSE | D10: FALSE | E10: FALSE | F10: FALSE | G10: FALSE | H10: FALSE | I10: FALSE
B11: Skincare routine | C11: FALSE | D11: FALSE | E11: FALSE | F11: FALSE | G11: FALSE | H11: FALSE | I11: FALSE
B12: No social media 1hr | C12: FALSE | D12: FALSE | E12: FALSE | F12: FALSE | G12: FALSE | H12: FALSE | I12: FALSE
B13: Journaling | C13: FALSE | D13: FALSE | E13: FALSE | F13: FALSE | G13: FALSE | H13: FALSE | I13: FALSE
B14: Healthy meals | C14: FALSE | D14: FALSE | E14: FALSE | F14: FALSE | G14: FALSE | H14: FALSE | I14: FALSE
B15: 8 glasses water | C15: FALSE | D15: FALSE | E15: FALSE | F15: FALSE | G15: FALSE | H15: FALSE | I15: FALSE
B16: TOTAL ✓ | C16: =COUNTIF(C8:C15,TRUE()) -> 0 | D16: =COUNTIF(D8:D15,TRUE()) -> 0 | E16: =COUNTIF(E8:E15,TRUE()) -> 0 | F16: =COUNTIF(F8:F15,TRUE()) -> 0 | G16: =COUNTIF(G8:G15,TRUE()) -> 0 | H16: =COUNTIF(H8:H15,TRUE()) -> 0 | I16: =COUNTIF(I8:I15,TRUE()) -> 0
B18: ♡ WEEKLY PRIORITIES REVIEW
B19: Priority | C19: Description | H19: Status | I19: Notes
B20: #1
B21: #2
B22: #3
B23: #4
B24: #5
B26: ☾ WEEKLY MOOD & ENERGY
C27: Mon | D27: Tue | E27: Wed | F27: Thu | G27: Fri | H27: Sat | I27: Sun
B28: Mood (1-10)
B29: Energy (1-10)
B30: Sleep (hrs)
B31: AVERAGES | C31: Mood Avg | D31: =IFERROR(AVERAGE(C28:I28),"") | E31: Energy Avg | F31: =IFERROR(AVERAGE(C29:I29),"") | G31: Sleep Avg | H31: =IFERROR(AVERAGE(C30:I30),"")
B33: ✧ WINS THIS WEEK | F33: ✿ IMPROVE NEXT WEEK
B34: 1. | F34: 1.
B35: 2. | F35: 2.
B36: 3. | F36: 3.
B37: 4. | F37: 4.
A40: "Progress, not perfection."

Sheet Monthly Dashboard
A2: ✿ MONTHLY DASHBOARD ✿
A3: Month: | E3: 46160.378
B6: ♡ MONTHLY GOALS | H6: ✧ MONTHLY THEME
B7: Goal | C7: Description | F7: Done?
B8: #1 | F8: FALSE
B9: #2 | F9: FALSE
B10: #3 | F10: FALSE | H10: ✿ AFFIRMATION
B11: #4 | F11: FALSE
B12: #5 | F12: FALSE
B14: ☾ WEEKLY SCORES SUMMARY
C15: Week 1 | D15: Week 2 | E15: Week 3 | F15: Week 4 | G15: Week 5 | H15: AVG
B16: Mood (avg) | H16: =IFERROR(AVERAGE(C16:G16),"")
B17: Energy (avg) | H17: =IFERROR(AVERAGE(C17:G17),"")
B18: Sleep (avg hrs) | H18: =IFERROR(AVERAGE(C18:G18),"")
B19: Habits completed | H19: =IFERROR(AVERAGE(C19:G19),"")
B20: Water goal days | H20: =IFERROR(AVERAGE(C20:G20),"")
B21: Productivity (1-10) | H21: =IFERROR(AVERAGE(C21:G21),"")
B23: ✧ MONTHLY REFLECTION
B24: What am I most proud of this month?
B27: What challenged me & what did I learn?
B30: What do I want to do differently next month?
B33: How did I grow as a person?
B37: ♡ NEXT MONTH INTENTIONS
B38: 1.
B39: 2.
B40: 3.
A43: "She believed she could, so she did."
